Date,Event,Description
2023-02-13T14:00:00+01:00,Time to learn!,JavaScript Algorithms and Data Structures Masterclass
https://www.udemy.com/course/js-algorithms-and-data-structures-masterclass/
2023-02-14T08:00:00+01:00,Time to learn!,GitLab CI: Pipelines, CI/CD and DevOps for Beginners
https://www.udemy.com/course/gitlab-ci-pipelines-ci-cd-and-devops-for-beginners/
2023-02-14T14:00:00+01:00,Time to learn!,JavaScript Algorithms and Data Structures Masterclass
https://www.udemy.com/course/js-algorithms-and-data-structures-masterclass/
2023-02-15T08:00:00+01:00,Time to learn!,GitLab CI: Pipelines, CI/CD and DevOps for Beginners
https://www.udemy.com/course/gitlab-ci-pipelines-ci-cd-and-devops-for-beginners/
2023-02-15T14:00:00+01:00,Time to learn!,JavaScript Algorithms and Data Structures Masterclass
https://www.udemy.com/course/js-algorithms-and-data-structures-masterclass/
2023-02-16T08:00:00+01:00,Time to learn!,GitLab CI: Pipelines, CI/CD and DevOps for Beginners
https://www.udemy.com/course/gitlab-ci-pipelines-ci-cd-and-devops-for-beginners/
2023-02-16T14:00:00+01:00,Time to learn!,JavaScript Algorithms and Data Structures Masterclass
https://www.udemy.com/course/js-algorithms-and-data-structures-masterclass/
2023-02-17T08:00:00+01:00,Time to learn!,GitLab CI: Pipelines, CI/CD and DevOps for Beginners
https://www.udemy.com/course/gitlab-ci-pipelines-ci-cd-and-devops-for-beginners/
2023-02-17T14:00:00+01:00,Time to learn!,JavaScript Algorithms and Data Structures Masterclass
https://www.udemy.com/course/js-algorithms-and-data-structures-masterclass/
2023-02-18T08:00:00+01:00,Time to learn!,GitLab CI: Pipelines, CI/CD and DevOps for Beginners
https://www.udemy.com/course/gitlab-ci-pipelines-ci-cd-and-devops-for-beginners/
2023-02-18T14:00:00+01:00,Time to learn!,JavaScript Algorithms and Data Structures Masterclass
https://www.udemy.com/course/js-algorithms-and-data-structures-masterclass/
2023-02-19T08:00:00+01:00,Time to learn!,GitLab CI: Pipelines, CI/CD and DevOps for Beginners
https://www.udemy.com/course/gitlab-ci-pipelines-ci-cd-and-devops-for-beginners/
2023-02-19T14:00:00+01:00,Time to learn!,JavaScript Algorithms and Data Structures Masterclass
https://www.udemy.com/course/js-algorithms-and-data-structures-masterclass/
2023-02-20T08:00:00+01:00,Time to learn!,GitLab CI: Pipelines, CI/CD and DevOps for Beginners
https://www.udemy.com/course/gitlab-ci-pipelines-ci-cd-and-devops-for-beginners/
2023-02-20T14:00:00+01:00,Time to learn!,JavaScript Algorithms and Data Structures Masterclass
https://www.udemy.com/course/js-algorithms-and-data-structures-masterclass/
Date,Event,Description
Date,Event,Description
Date,Event,Description
Date,Event,Description
Date,Event,Description
